{"cameraMode":{"drawMode":0,"name":"Shaded","section":"Shading Mode"},"sceneLighting":true,"audioPlay":false,"sceneViewState":{"m_AlwaysRefresh":false,"showFog":true,"showSkybox":true,"showFlares":true,"showImageEffects":true,"showParticleSystems":true,"showVisualEffectGraphs":true,"m_FxEnabled":true},"in2DMode":false,"pivot":{"x":5.655127048492432,"y":1.7577379941940308,"z":-3.370265007019043},"rotation":{"x":0.00037794356467202306,"y":0.9934709668159485,"z":-0.11406023800373078,"w":0.003278756281360984},"size":7.218229293823242,"orthographic":false}